,ticker,model,accuracy,precision,F1,AUC
0,DAL.csv,Suuport Vector Machine,0.8728323699421965,0.8403755868544601,0.8905472636815921,0.9516395376267988
1,DAL.csv,Extra Trees Classifier,0.9075144508670521,0.9153439153439153,0.9153439153439153,0.9692144373673035
2,DE.csv,Suuport Vector Machine,0.791907514450867,0.8197674418604651,0.7966101694915254,0.8919525596354865
3,DE.csv,Extra Trees Classifier,0.8930635838150289,0.9050279329608939,0.8975069252077562,0.9587577057089252
4,DFS.csv,Suuport Vector Machine,0.8034682080924855,0.7525252525252525,0.814207650273224,0.9152956126270733
5,DFS.csv,Extra Trees Classifier,0.8815028901734104,0.850828729281768,0.8825214899713467,0.9631654628143392
6,DG.csv,Suuport Vector Machine,0.7774566473988439,0.7336683417085427,0.7913279132791328,0.8736965240641711
7,DG.csv,Extra Trees Classifier,0.8728323699421965,0.8539325842696629,0.8735632183908046,0.9461229946524065
8,DGX.csv,Suuport Vector Machine,0.8092485549132948,0.7839195979899497,0.8253968253968252,0.8869133241896096
9,DGX.csv,Extra Trees Classifier,0.8554913294797688,0.864406779661017,0.8595505617977529,0.9276251965343056
10,DHI.csv,Suuport Vector Machine,0.8554913294797688,0.7738693467336684,0.8603351955307263,0.9566811287122052
11,DHI.csv,Extra Trees Classifier,0.9046242774566474,0.8579545454545454,0.9014925373134328,0.9764571351696768
12,DHR.csv,Suuport Vector Machine,0.8391812865497076,0.8235294117647058,0.8593350383631714,0.9279627393479386
13,DHR.csv,Extra Trees Classifier,0.8596491228070176,0.8564102564102564,0.8743455497382198,0.9342936001380024
14,DIS.csv,Suuport Vector Machine,0.8294797687861272,0.8711656441717791,0.8279883381924198,0.9213353413654619
15,DIS.csv,Extra Trees Classifier,0.8728323699421965,0.8953488372093024,0.875,0.9524263721552879
16,DISCA.csv,Suuport Vector Machine,0.884393063583815,0.9107142857142857,0.8843930635838151,0.9655898876404495
17,DISCA.csv,Extra Trees Classifier,0.8988439306358381,0.9281437125748503,0.898550724637681,0.9738663723916533
18,DISCK.csv,Suuport Vector Machine,0.869942196531792,0.9117647058823529,0.8732394366197184,0.9582675843545408
19,DISCK.csv,Extra Trees Classifier,0.8728323699421965,0.9075144508670521,0.8770949720670391,0.9607016954843042
20,DISH.csv,Suuport Vector Machine,0.8063583815028902,0.8187919463087249,0.7845659163987139,0.9072899892646269
21,DISH.csv,Extra Trees Classifier,0.9104046242774566,0.9119496855345912,0.9034267912772587,0.9678945249597424
22,DLR.csv,Suuport Vector Machine,0.7687861271676301,0.726457399103139,0.8019801980198019,0.8974384731290809
23,DLR.csv,Extra Trees Classifier,0.861271676300578,0.8518518518518519,0.8702702702702703,0.9360287962497907
24,DLTR.csv,Suuport Vector Machine,0.7803468208092486,0.7538461538461538,0.7945945945945946,0.8793483709273183
25,DLTR.csv,Extra Trees Classifier,0.8757225433526011,0.8626373626373627,0.8795518207282913,0.9565079365079366
26,DOV.csv,Suuport Vector Machine,0.8323699421965318,0.8260869565217391,0.8397790055248618,0.9220505617977528
27,DOV.csv,Extra Trees Classifier,0.8786127167630058,0.8777777777777778,0.88268156424581,0.9528491171749598
28,DRE.csv,Suuport Vector Machine,0.8815028901734104,0.8421052631578947,0.8864265927977839,0.96531328320802
29,DRE.csv,Extra Trees Classifier,0.8901734104046243,0.8757062146892656,0.8908045977011494,0.9531328320802004
30,DRI.csv,Suuport Vector Machine,0.7514450867052023,0.7727272727272727,0.7806122448979592,0.8466494845360825
31,DRI.csv,Extra Trees Classifier,0.8526011560693642,0.8666666666666667,0.8688946015424164,0.9356009224091156
32,DTE.csv,Suuport Vector Machine,0.8179190751445087,0.7761194029850746,0.8320000000000001,0.9302659716653301
33,DTE.csv,Extra Trees Classifier,0.884393063583815,0.8895348837209303,0.8843930635838151,0.9517675755145683
34,DUK.csv,Suuport Vector Machine,0.846820809248555,0.8219895287958116,0.8555858310626704,0.950735294117647
35,DUK.csv,Extra Trees Classifier,0.8901734104046243,0.896551724137931,0.8914285714285715,0.9595922459893048
36,DVA.csv,Suuport Vector Machine,0.7341040462427746,0.6796116504854369,0.7526881720430108,0.8452643908969211
37,DVA.csv,Extra Trees Classifier,0.8352601156069365,0.8187134502923976,0.8308605341246291,0.9264056224899597
38,DVN.csv,Suuport Vector Machine,0.8497109826589595,0.9060402684563759,0.8385093167701863,0.9474088676534465
39,DVN.csv,Extra Trees Classifier,0.8757225433526011,0.9166666666666666,0.8693009118541033,0.9614587857930436
40,DWDP.csv,Suuport Vector Machine,0.8181818181818182,0.9230769230769231,0.7741935483870968,0.9146341463414633
41,DWDP.csv,Extra Trees Classifier,0.8441558441558441,0.9,0.8181818181818182,0.9217479674796748
42,DXC.csv,Suuport Vector Machine,0.5833333333333334,0.559322033898305,0.5689655172413793,0.7034252297410192
43,DXC.csv,Extra Trees Classifier,0.7,0.6721311475409836,0.6949152542372881,0.8116123642439432
44,EA.csv,Suuport Vector Machine,0.8526011560693642,0.8797814207650273,0.8632707774798927,0.934412955465587
45,EA.csv,Extra Trees Classifier,0.9046242774566474,0.9243243243243243,0.912,0.9575067476383265
46,EBAY.csv,Suuport Vector Machine,0.7427745664739884,0.7541899441340782,0.7520891364902507,0.8617971887550201
47,EBAY.csv,Extra Trees Classifier,0.8872832369942196,0.9122807017543859,0.8888888888888888,0.941516064257028
48,ECL.csv,Suuport Vector Machine,0.8236994219653179,0.8457446808510638,0.8390501319261213,0.9223441986150989
49,ECL.csv,Extra Trees Classifier,0.884393063583815,0.9217877094972067,0.8918918918918919,0.9562236108765412
50,ED.csv,Suuport Vector Machine,0.8583815028901735,0.8256410256410256,0.8679245283018868,0.9546457219251336
51,ED.csv,Extra Trees Classifier,0.8988439306358381,0.8852459016393442,0.9025069637883008,0.9714739304812834
52,EFX.csv,Suuport Vector Machine,0.7398843930635838,0.7102803738317757,0.7715736040609137,0.8585341365461847
53,EFX.csv,Extra Trees Classifier,0.8872832369942196,0.8852459016393442,0.8925619834710743,0.9547188755020081
54,EIX.csv,Suuport Vector Machine,0.8005780346820809,0.7638190954773869,0.8150134048257374,0.9087810745789895
55,EIX.csv,Extra Trees Classifier,0.9161849710982659,0.9142857142857143,0.9169054441260744,0.969326383319968
56,EL.csv,Suuport Vector Machine,0.7572254335260116,0.7524752475247525,0.7835051546391754,0.881149193548387
57,EL.csv,Extra Trees Classifier,0.8728323699421965,0.8944444444444445,0.8797814207650273,0.9413138440860216
58,EMN.csv,Suuport Vector Machine,0.8786127167630058,0.8956043956043956,0.8858695652173912,0.9640793010752688
59,EMN.csv,Extra Trees Classifier,0.8872832369942196,0.9248554913294798,0.8913649025069638,0.9617607526881721
60,EMR.csv,Suuport Vector Machine,0.8526011560693642,0.8548387096774194,0.8617886178861789,0.9304703476482618
61,EMR.csv,Extra Trees Classifier,0.8930635838150289,0.9010989010989011,0.8986301369863015,0.9509370076100441
62,EOG.csv,Suuport Vector Machine,0.8063583815028902,0.8322981366459627,0.8,0.9079791499599037
63,EOG.csv,Extra Trees Classifier,0.8410404624277457,0.8606060606060606,0.8377581120943952,0.9316693397487303
64,EQIX.csv,Suuport Vector Machine,0.884393063583815,0.865,0.8963730569948186,0.9545362903225807
65,EQIX.csv,Extra Trees Classifier,0.8728323699421965,0.8736842105263158,0.8829787234042553,0.9495799731182797
66,EQR.csv,Suuport Vector Machine,0.8497109826589595,0.8324324324324325,0.8555555555555556,0.9394486215538848
67,EQR.csv,Extra Trees Classifier,0.8641618497109826,0.8636363636363636,0.8660968660968661,0.934954051796157
68,EQT.csv,Suuport Vector Machine,0.8265895953757225,0.8928571428571429,0.806451612903226,0.8968917112299465
69,EQT.csv,Extra Trees Classifier,0.8526011560693642,0.9047619047619048,0.8391167192429022,0.9250501336898396
70,ES.csv,Suuport Vector Machine,0.8596491228070176,0.8254716981132075,0.8793969849246231,0.950354976564654
71,ES.csv,Extra Trees Classifier,0.8888888888888888,0.8814432989690721,0.8999999999999999,0.9650537634408602
72,ESRX.csv,Suuport Vector Machine,0.7861271676300579,0.7567567567567568,0.7909604519774012,0.8851836993949118
73,ESRX.csv,Extra Trees Classifier,0.8641618497109826,0.8546511627906976,0.8621700879765396,0.9392906094340253
74,ESS.csv,Suuport Vector Machine,0.7976878612716763,0.7551020408163265,0.8087431693989071,0.9171791443850268
75,ESS.csv,Extra Trees Classifier,0.8786127167630058,0.8636363636363636,0.8786127167630058,0.9459224598930481
76,ETFC.csv,Suuport Vector Machine,0.8439306358381503,0.7832512315270936,0.8548387096774195,0.9501220205261927
77,ETFC.csv,Extra Trees Classifier,0.8554913294797688,0.847953216374269,0.8529411764705882,0.9412295657406479
78,ETN.csv,Suuport Vector Machine,0.8034682080924855,0.8011363636363636,0.8057142857142857,0.9121892542101042
79,ETN.csv,Extra Trees Classifier,0.869942196531792,0.8862275449101796,0.8680351906158358,0.9423783747661053
80,ETR.csv,Suuport Vector Machine,0.815028901734104,0.7525773195876289,0.8202247191011236,0.9410560923242082
81,ETR.csv,Extra Trees Classifier,0.8786127167630058,0.8409090909090909,0.8757396449704142,0.9496108427267848
82,EW.csv,Suuport Vector Machine,0.7485549132947977,0.7777777777777778,0.779746835443038,0.8494872755766021
83,EW.csv,Extra Trees Classifier,0.8439306358381503,0.8783068783068783,0.8601036269430051,0.9353047388682588
84,EXC.csv,Suuport Vector Machine,0.8583815028901735,0.873015873015873,0.870712401055409,0.9515688259109312
85,EXC.csv,Extra Trees Classifier,0.9248554913294798,0.9659090909090909,0.9289617486338798,0.9778171390013495
86,EXPD.csv,Suuport Vector Machine,0.8641618497109826,0.8870967741935484,0.8753315649867373,0.9433541631481169
87,EXPD.csv,Extra Trees Classifier,0.9190751445086706,0.9553072625698324,0.9243243243243243,0.9768282384732309
88,EXPE.csv,Suuport Vector Machine,0.8034682080924855,0.8390804597701149,0.8111111111111111,0.906888440860215
89,EXPE.csv,Extra Trees Classifier,0.8815028901734104,0.9142857142857143,0.8864265927977839,0.9625336021505377
90,EXR.csv,Suuport Vector Machine,0.8526011560693642,0.8109452736318408,0.8647214854111407,0.9560160427807487
91,EXR.csv,Extra Trees Classifier,0.9017341040462428,0.8858695652173914,0.9055555555555556,0.9726604278074866
92,F.csv,Suuport Vector Machine,0.7861271676300579,0.8133333333333334,0.7672955974842767,0.9139412787586945
93,F.csv,Extra Trees Classifier,0.9017341040462428,0.9036144578313253,0.8982035928143712,0.9626972980203319
94,FAST.csv,Suuport Vector Machine,0.838150289017341,0.84,0.8399999999999999,0.9322305764411027
95,FAST.csv,Extra Trees Classifier,0.8670520231213873,0.8862275449101796,0.8654970760233919,0.938329156223893
96,FB.csv,Suuport Vector Machine,0.7543352601156069,0.7321428571428571,0.7941888619854722,0.852256259899572
97,FB.csv,Extra Trees Classifier,0.8757225433526011,0.8762886597938144,0.887728459530026,0.9551781080443501
98,FBHS.csv,Suuport Vector Machine,0.8092485549132948,0.7874396135265701,0.8316326530612245,0.9110626154104415
99,FBHS.csv,Extra Trees Classifier,0.8757225433526011,0.8697916666666666,0.8859416445623343,0.9577639751552794
100,FCX.csv,Suuport Vector Machine,0.838150289017341,0.8597560975609756,0.8343195266272189,0.9277933707564822
101,FCX.csv,Extra Trees Classifier,0.8901734104046243,0.9197530864197531,0.8869047619047619,0.9610231221598503
102,FDX.csv,Suuport Vector Machine,0.8439306358381503,0.8256410256410256,0.8563829787234041,0.9344048216976394
103,FDX.csv,Extra Trees Classifier,0.9104046242774566,0.907608695652174,0.915068493150685,0.9708019420726604
104,FE.csv,Suuport Vector Machine,0.7658959537572254,0.7272727272727273,0.7804878048780488,0.8718796992481203
105,FE.csv,Extra Trees Classifier,0.8901734104046243,0.8715083798882681,0.8914285714285715,0.9547535505430242
106,FFIV.csv,Suuport Vector Machine,0.7947976878612717,0.803030303030303,0.8174807197943444,0.8719810842763048
107,FFIV.csv,Extra Trees Classifier,0.8497109826589595,0.8325358851674641,0.87,0.9289984799864888
108,FIS.csv,Suuport Vector Machine,0.7745664739884393,0.7777777777777778,0.8177570093457943,0.8554721140928037
109,FIS.csv,Extra Trees Classifier,0.8786127167630058,0.9214659685863874,0.8934010152284265,0.950239415756657
110,FISV.csv,Suuport Vector Machine,0.8323699421965318,0.8064516129032258,0.8578431372549019,0.9210268535720317
111,FISV.csv,Extra Trees Classifier,0.8872832369942196,0.8877551020408163,0.8992248062015504,0.955649383550076
112,FITB.csv,Suuport Vector Machine,0.8901734104046243,0.8655913978494624,0.8944444444444444,0.9651831061213579
113,FITB.csv,Extra Trees Classifier,0.9190751445086706,0.9244186046511628,0.9190751445086706,0.9699278267842822
114,FL.csv,Suuport Vector Machine,0.7312138728323699,0.6919191919191919,0.7465940054495913,0.8467890214956708
115,FL.csv,Extra Trees Classifier,0.8728323699421965,0.8698224852071006,0.8698224852071006,0.9508073412897403
116,FLIR.csv,Suuport Vector Machine,0.8294797687861272,0.8258426966292135,0.8328611898016998,0.9073015873015872
117,FLIR.csv,Extra Trees Classifier,0.8959537572254336,0.9263803680981595,0.8934911242603549,0.9605680868838763
118,FLR.csv,Suuport Vector Machine,0.7427745664739884,0.7678571428571429,0.7435158501440922,0.8485431371893085
119,FLR.csv,Extra Trees Classifier,0.8872832369942196,0.9117647058823529,0.8882521489971347,0.9550229150637272
120,FLS.csv,Suuport Vector Machine,0.8728323699421965,0.9036144578313253,0.8720930232558138,0.9402421080791867
121,FLS.csv,Extra Trees Classifier,0.8959537572254336,0.9080459770114943,0.8977272727272727,0.9613095238095237
122,FLT.csv,Suuport Vector Machine,0.8208092485549133,0.7894736842105263,0.8418367346938775,0.9025109792483824
123,FLT.csv,Extra Trees Classifier,0.861271676300578,0.9041916167664671,0.8628571428571429,0.9425223775520467
124,FMC.csv,Suuport Vector Machine,0.846820809248555,0.8896103896103896,0.8379204892966361,0.9171372247652778
125,FMC.csv,Extra Trees Classifier,0.8583815028901735,0.8522727272727273,0.8595988538681948,0.9353469878712954
126,FOX.csv,Suuport Vector Machine,0.8265895953757225,0.852760736196319,0.8224852071005917,0.9172765246449457
127,FOX.csv,Extra Trees Classifier,0.884393063583815,0.9299363057324841,0.8795180722891567,0.957092731829574
128,FOXA.csv,Suuport Vector Machine,0.7976878612716763,0.8516129032258064,0.7904191616766467,0.888669588197906
129,FOXA.csv,Extra Trees Classifier,0.8670520231213873,0.9235668789808917,0.8630952380952381,0.9408891713779146
130,FRT.csv,Suuport Vector Machine,0.8815028901734104,0.8269230769230769,0.8935064935064935,0.9678902149567078
131,FRT.csv,Extra Trees Classifier,0.9075144508670521,0.8918918918918919,0.9116022099447514,0.9585297362350818
132,FTI.csv,Suuport Vector Machine,0.8583815028901735,0.9097222222222222,0.842443729903537,0.9482822065366474
133,FTI.csv,Extra Trees Classifier,0.884393063583815,0.9150326797385621,0.875,0.9551232730070586
134,FTNT.csv,Suuport Vector Machine,0.7312138728323699,0.751269035532995,0.7609254498714653,0.8528476731601732
135,FTNT.csv,Extra Trees Classifier,0.8554913294797688,0.8776595744680851,0.868421052631579,0.936908143939394
136,FTV.csv,Suuport Vector Machine,0.8256410256410256,0.8235294117647058,0.8316831683168315,0.9190526315789473
137,FTV.csv,Extra Trees Classifier,0.882051282051282,0.8888888888888888,0.8844221105527638,0.9388947368421052
138,GD.csv,Suuport Vector Machine,0.7976878612716763,0.7810945273631841,0.8177083333333333,0.899946360923933
139,GD.csv,Extra Trees Classifier,0.8583815028901735,0.8563829787234043,0.8679245283018867,0.9461262529752925
140,GE.csv,Suuport Vector Machine,0.8439306358381503,0.8493150684931506,0.8211920529801324,0.9364709851551958
141,GE.csv,Extra Trees Classifier,0.8872832369942196,0.8874172185430463,0.8729641693811074,0.9402496626180836
142,GILD.csv,Suuport Vector Machine,0.8092485549132948,0.7575757575757576,0.819672131147541,0.9118178170144462
143,GILD.csv,Extra Trees Classifier,0.8786127167630058,0.8620689655172413,0.8771929824561403,0.9502574906367042
144,GIS.csv,Suuport Vector Machine,0.8121387283236994,0.7945945945945946,0.8189415041782729,0.9145950280673617
145,GIS.csv,Extra Trees Classifier,0.9161849710982659,0.9096045197740112,0.9173789173789174,0.9670876770916869
146,GLW.csv,Suuport Vector Machine,0.7947976878612717,0.8,0.8184143222506394,0.8956764060124979
147,GLW.csv,Extra Trees Classifier,0.8497109826589595,0.8926553672316384,0.858695652173913,0.9352474244215504
148,GM.csv,Suuport Vector Machine,0.8034682080924855,0.8187134502923976,0.8045977011494252,0.9018654096880954
149,GM.csv,Extra Trees Classifier,0.8930635838150289,0.9069767441860465,0.8939828080229226,0.9560558954300805
150,GOOG.csv,Suuport Vector Machine,0.8034682080924855,0.7804878048780488,0.8247422680412372,0.9010359046565423
151,GOOG.csv,Extra Trees Classifier,0.8901734104046243,0.8835978835978836,0.8978494623655914,0.9477521874685708
152,GOOGL.csv,Suuport Vector Machine,0.815028901734104,0.7920792079207921,0.8333333333333334,0.9065599035111229
153,GOOGL.csv,Extra Trees Classifier,0.8901734104046243,0.9,0.8950276243093923,0.965006030554811
154,GPC.csv,Suuport Vector Machine,0.8034682080924855,0.8314606741573034,0.8131868131868132,0.9108870967741935
155,GPC.csv,Extra Trees Classifier,0.9046242774566474,0.9226519337016574,0.9100817438692098,0.9720262096774194
156,GPN.csv,Suuport Vector Machine,0.7774566473988439,0.73568281938326,0.8126520681265208,0.8925288513150833
157,GPN.csv,Extra Trees Classifier,0.8526011560693642,0.841025641025641,0.8654353562005277,0.9301194310252281
158,GPS.csv,Suuport Vector Machine,0.8063583815028902,0.7731958762886598,0.8174386920980926,0.8981923886531458
159,GPS.csv,Extra Trees Classifier,0.8728323699421965,0.8728323699421965,0.8728323699421965,0.9472250994019179
160,GRMN.csv,Suuport Vector Machine,0.7745664739884393,0.796875,0.796875,0.8474025974025975
161,GRMN.csv,Extra Trees Classifier,0.8786127167630058,0.9032258064516129,0.8888888888888888,0.9350987554112554
162,GS.csv,Suuport Vector Machine,0.8786127167630058,0.8863636363636364,0.8813559322033898,0.9464620117710005
163,GS.csv,Extra Trees Classifier,0.9046242774566474,0.9190751445086706,0.905982905982906,0.9762573568753344
164,GT.csv,Suuport Vector Machine,0.8323699421965318,0.845679012345679,0.8253012048192772,0.9198529411764707
165,GT.csv,Extra Trees Classifier,0.869942196531792,0.8980891719745223,0.8623853211009174,0.9394050802139038
166,GWW.csv,Suuport Vector Machine,0.7687861271676301,0.7790697674418605,0.7701149425287357,0.8712566844919787
167,GWW.csv,Extra Trees Classifier,0.8670520231213873,0.8735632183908046,0.8685714285714287,0.9329545454545454
168,HAL.csv,Suuport Vector Machine,0.8641618497109826,0.8675496688741722,0.8478964401294498,0.9386614597360625
169,HAL.csv,Extra Trees Classifier,0.8959537572254336,0.8765432098765432,0.8875,0.9696673848639914
170,HAS.csv,Suuport Vector Machine,0.7832369942196532,0.774869109947644,0.7978436657681942,0.8642570281124499
171,HAS.csv,Extra Trees Classifier,0.8236994219653179,0.8324022346368715,0.8300835654596099,0.9130020080321285
172,HBAN.csv,Suuport Vector Machine,0.8786127167630058,0.8272251308900523,0.88268156424581,0.9599571806108453
173,HBAN.csv,Extra Trees Classifier,0.9104046242774566,0.8777777777777778,0.9106628242074927,0.9725521024989128
174,HBI.csv,Suuport Vector Machine,0.7572254335260116,0.7096774193548387,0.7586206896551724,0.8510802469135802
175,HBI.csv,Extra Trees Classifier,0.861271676300578,0.8313953488372093,0.8562874251497007,0.9329542404723563
176,HCA.csv,Suuport Vector Machine,0.8236994219653179,0.847457627118644,0.8310249307479225,0.9116680085882984
177,HCA.csv,Extra Trees Classifier,0.8815028901734104,0.9386503067484663,0.8818443804034581,0.9579475308641975
178,HCP.csv,Suuport Vector Machine,0.6994219653179191,0.6811594202898551,0.7305699481865285,0.846653062589904
179,HCP.csv,Extra Trees Classifier,0.846820809248555,0.842391304347826,0.8539944903581267,0.9413240557990165
180,HD.csv,Suuport Vector Machine,0.8670520231213873,0.8241206030150754,0.8770053475935828,0.9538847117794487
181,HD.csv,Extra Trees Classifier,0.8930635838150289,0.8709677419354839,0.8975069252077562,0.9557393483709273
182,HES.csv,Suuport Vector Machine,0.815028901734104,0.8888888888888888,0.7999999999999999,0.924364973262032
183,HES.csv,Extra Trees Classifier,0.869942196531792,0.9119496855345912,0.8656716417910448,0.9397393048128342
184,HFC.csv,Suuport Vector Machine,0.8583815028901735,0.8275862068965517,0.8727272727272727,0.9465960868399893
185,HFC.csv,Extra Trees Classifier,0.8959537572254336,0.8842105263157894,0.9032258064516129,0.9616892254087376
186,HIG.csv,Suuport Vector Machine,0.8410404624277457,0.8219895287958116,0.8509485094850949,0.9134229534510433
187,HIG.csv,Extra Trees Classifier,0.8959537572254336,0.9080459770114943,0.8977272727272727,0.9520298287854467
188,HII.csv,Suuport Vector Machine,0.7947976878612717,0.7783018867924528,0.8229426433915213,0.8914164391871399
189,HII.csv,Extra Trees Classifier,0.8670520231213873,0.8783068783068783,0.8783068783068783,0.9447983014861996
190,HLT.csv,Suuport Vector Machine,0.7638888888888888,0.6862745098039216,0.8045977011494253,0.9118441358024691
191,HLT.csv,Extra Trees Classifier,0.8680555555555556,0.863013698630137,0.8689655172413793,0.9374035493827161
192,HOG.csv,Suuport Vector Machine,0.791907514450867,0.8209876543209876,0.7869822485207101,0.874364973262032
193,HOG.csv,Extra Trees Classifier,0.8757225433526011,0.8674033149171271,0.8795518207282914,0.9528743315508021
194,HOLX.csv,Suuport Vector Machine,0.8034682080924855,0.8201058201058201,0.8201058201058201,0.908401577191386
195,HOLX.csv,Extra Trees Classifier,0.838150289017341,0.8518518518518519,0.8518518518518519,0.9233478246217101
196,HON.csv,Suuport Vector Machine,0.8034682080924855,0.8048780487804879,0.8291457286432161,0.899217718175353
197,HON.csv,Extra Trees Classifier,0.8930635838150289,0.9020618556701031,0.9043927648578811,0.9675742490433134
198,HP.csv,Suuport Vector Machine,0.8583815028901735,0.8805031446540881,0.851063829787234,0.9518716577540107
199,HP.csv,Extra Trees Classifier,0.8786127167630058,0.9155844155844156,0.8703703703703705,0.9625501336898397
200,HPE.csv,Suuport Vector Machine,0.7218045112781954,0.717948717948718,0.7516778523489933,0.8300772376192639
201,HPE.csv,Extra Trees Classifier,0.8345864661654135,0.8266666666666667,0.8493150684931506,0.913789186733303
202,HPQ.csv,Suuport Vector Machine,0.7368421052631579,0.6829268292682927,0.7619047619047619,0.8721719457013575
203,HPQ.csv,Extra Trees Classifier,0.8045112781954887,0.7671232876712328,0.8115942028985507,0.913093891402715
204,HRB.csv,Suuport Vector Machine,0.7658959537572254,0.745,0.7862796833773087,0.8533101394975411
205,HRB.csv,Extra Trees Classifier,0.8497109826589595,0.8324607329842932,0.8594594594594595,0.9159334961362192
206,HRL.csv,Suuport Vector Machine,0.8410404624277457,0.8359788359788359,0.8517520215633424,0.9205641919056553
207,HRL.csv,Extra Trees Classifier,0.8641618497109826,0.8994082840236687,0.8660968660968661,0.9544693111766284
208,HRS.csv,Suuport Vector Machine,0.7861271676300579,0.7804878048780488,0.8121827411167514,0.8535368853840192
209,HRS.csv,Extra Trees Classifier,0.8323699421965318,0.8502673796791443,0.8457446808510638,0.9189330367674315
210,HSIC.csv,Suuport Vector Machine,0.8265895953757225,0.7908163265306123,0.8378378378378378,0.9056067896284415
211,HSIC.csv,Extra Trees Classifier,0.8583815028901735,0.8571428571428571,0.8595988538681948,0.9537055600106923
212,HST.csv,Suuport Vector Machine,0.8439306358381503,0.8397790055248618,0.8491620111731844,0.929863270150102
213,HST.csv,Extra Trees Classifier,0.8583815028901735,0.867816091954023,0.8603988603988605,0.9442382910440277
214,HSY.csv,Suuport Vector Machine,0.7312138728323699,0.717391304347826,0.7394957983193277,0.821310434695446
215,HSY.csv,Extra Trees Classifier,0.8641618497109826,0.875,0.8621700879765396,0.9499983293795314
216,HUM.csv,Suuport Vector Machine,0.7861271676300579,0.782608695652174,0.8140703517587939,0.8674548218206385
217,HUM.csv,Extra Trees Classifier,0.8554913294797688,0.8852459016393442,0.8663101604278075,0.9323425097111974
218,IBM.csv,Suuport Vector Machine,0.7427745664739884,0.7272727272727273,0.7534626038781164,0.876804330392943
219,IBM.csv,Extra Trees Classifier,0.8641618497109826,0.850828729281768,0.8676056338028169,0.9402900294039027
220,ICE.csv,Suuport Vector Machine,0.7514450867052023,0.7081339712918661,0.7748691099476441,0.8806341675298206
221,ICE.csv,Extra Trees Classifier,0.8872832369942196,0.8602150537634409,0.8913649025069638,0.9571151725750944
222,IDXX.csv,Suuport Vector Machine,0.7774566473988439,0.746938775510204,0.8261851015801354,0.8736008736008736
223,IDXX.csv,Extra Trees Classifier,0.8872832369942196,0.8732394366197183,0.9051094890510948,0.9433695058695059
224,IFF.csv,Suuport Vector Machine,0.791907514450867,0.7989130434782609,0.8032786885245901,0.8969612704368801
225,IFF.csv,Extra Trees Classifier,0.8497109826589595,0.8823529411764706,0.8522727272727273,0.9440331010452961
226,ILMN.csv,Suuport Vector Machine,0.7572254335260116,0.7751479289940828,0.7572254335260116,0.8399358138601947
227,ILMN.csv,Extra Trees Classifier,0.8526011560693642,0.8888888888888888,0.8495575221238938,0.9258349212716879
228,INCY.csv,Suuport Vector Machine,0.846820809248555,0.8258426966292135,0.8472622478386167,0.9243639889011467
229,INCY.csv,Extra Trees Classifier,0.8786127167630058,0.8848484848484849,0.874251497005988,0.9416808745361548
230,INFO.csv,Suuport Vector Machine,0.6994219653179191,0.6938775510204082,0.723404255319149,0.8082161981258367
231,INFO.csv,Extra Trees Classifier,0.7976878612716763,0.8055555555555556,0.8055555555555556,0.9111111111111111
232,INTC.csv,Suuport Vector Machine,0.8092485549132948,0.8225806451612904,0.8225806451612904,0.8990087365591397
233,INTC.csv,Extra Trees Classifier,0.8757225433526011,0.903954802259887,0.8815426997245179,0.9588541666666666
234,INTU.csv,Suuport Vector Machine,0.7745664739884393,0.731404958677686,0.8194444444444444,0.900691632928475
235,INTU.csv,Extra Trees Classifier,0.8323699421965318,0.8333333333333334,0.8505154639175259,0.9365047233468285
236,IP.csv,Suuport Vector Machine,0.7832369942196532,0.7823529411764706,0.780058651026393,0.8957393483709273
237,IP.csv,Extra Trees Classifier,0.8728323699421965,0.89937106918239,0.8666666666666667,0.946499582289056
238,IPG.csv,Suuport Vector Machine,0.8005780346820809,0.79,0.8207792207792207,0.894745677354373
239,IPG.csv,Extra Trees Classifier,0.8901734104046243,0.8656716417910447,0.9015544041450777,0.9469028034245426
240,IPGP.csv,Suuport Vector Machine,0.7052023121387283,0.6835443037974683,0.7605633802816901,0.8130455296060392
241,IPGP.csv,Extra Trees Classifier,0.8236994219653179,0.8137254901960784,0.8447837150127226,0.8990496410878577
242,IQV.csv,Suuport Vector Machine,0.8554913294797688,0.8586956521739131,0.8633879781420766,0.9420061645671401
243,IQV.csv,Extra Trees Classifier,0.8641618497109826,0.8770949720670391,0.8698060941828255,0.9459930313588849
244,IR.csv,Suuport Vector Machine,0.8901734104046243,0.9069767441860465,0.8914285714285715,0.9651050026752275
245,IR.csv,Extra Trees Classifier,0.8988439306358381,0.9281437125748503,0.898550724637681,0.9705390583199572
246,IRM.csv,Suuport Vector Machine,0.8757225433526011,0.8542713567839196,0.8877284595300262,0.9621242619431025
247,IRM.csv,Extra Trees Classifier,0.9248554913294798,0.9202127659574468,0.9301075268817204,0.9725912506709607
248,ISRG.csv,Suuport Vector Machine,0.8554913294797688,0.8672985781990521,0.8798076923076924,0.9203597993426742
249,ISRG.csv,Extra Trees Classifier,0.8554913294797688,0.9057591623036649,0.8737373737373737,0.9197889638470853
250,IT.csv,Suuport Vector Machine,0.7947976878612717,0.7892156862745098,0.8193384223918574,0.8877430660870151
251,IT.csv,Extra Trees Classifier,0.8815028901734104,0.9157303370786517,0.888283378746594,0.9416472887810468
252,ITW.csv,Suuport Vector Machine,0.7861271676300579,0.7465437788018433,0.814070351758794,0.8994475138121547
253,ITW.csv,Extra Trees Classifier,0.8670520231213873,0.8461538461538461,0.8776595744680852,0.9419554662648585
254,IVZ.csv,Suuport Vector Machine,0.8121387283236994,0.8354430379746836,0.8024316109422492,0.9097577276524645
255,IVZ.csv,Extra Trees Classifier,0.861271676300578,0.89171974522293,0.853658536585366,0.9451294903926483
256,JBHT.csv,Suuport Vector Machine,0.884393063583815,0.9235294117647059,0.887005649717514,0.9557165861513688
257,JBHT.csv,Extra Trees Classifier,0.9161849710982659,0.9378531073446328,0.9196675900277008,0.9707796564680622
258,JCI.csv,Suuport Vector Machine,0.8208092485549133,0.8010752688172043,0.8277777777777777,0.9094159315690992
259,JCI.csv,Extra Trees Classifier,0.8901734104046243,0.9,0.8895348837209301,0.9650661587810746
260,JEC.csv,Suuport Vector Machine,0.8323699421965318,0.819672131147541,0.8379888268156425,0.9276858813700919
261,JEC.csv,Extra Trees Classifier,0.8901734104046243,0.9005847953216374,0.8901734104046243,0.9616207184628237
262,JEF.csv,Suuport Vector Machine,0.838150289017341,0.8947368421052632,0.8292682926829269,0.9195855614973262
263,JEF.csv,Extra Trees Classifier,0.8728323699421965,0.9074074074074074,0.8698224852071006,0.9502172459893048
264,JNJ.csv,Suuport Vector Machine,0.8005780346820809,0.7944444444444444,0.8056338028169014,0.8960401002506265
265,JNJ.csv,Extra Trees Classifier,0.838150289017341,0.8562874251497006,0.8362573099415204,0.9285045948203844
266,JNPR.csv,Suuport Vector Machine,0.7774566473988439,0.8100558659217877,0.7901907356948229,0.8728454080258551
267,JNPR.csv,Extra Trees Classifier,0.8410404624277457,0.8481675392670157,0.8548812664907651,0.9264577161325074
268,JPM.csv,Suuport Vector Machine,0.8410404624277457,0.8097826086956522,0.8441926345609064,0.9209708153645572
269,JPM.csv,Extra Trees Classifier,0.8901734104046243,0.8700564971751412,0.8901734104046243,0.9660348343529569
270,JWN.csv,Suuport Vector Machine,0.8005780346820809,0.8128654970760234,0.8011527377521614,0.9064171122994652
271,JWN.csv,Extra Trees Classifier,0.8410404624277457,0.8538011695906432,0.8414985590778099,0.939254679144385
272,K.csv,Suuport Vector Machine,0.8265895953757225,0.8072916666666666,0.8378378378378378,0.940492910647405
273,K.csv,Extra Trees Classifier,0.9132947976878613,0.9065934065934066,0.9166666666666666,0.9692516051364367
274,KEY.csv,Suuport Vector Machine,0.8901734104046243,0.8742857142857143,0.8895348837209303,0.9631932604553205
275,KEY.csv,Extra Trees Classifier,0.9190751445086706,0.9325153374233128,0.9156626506024096,0.9759803429946846
276,KHC.csv,Suuport Vector Machine,0.8344594594594594,0.8461538461538461,0.8178438661710037,0.904344040691014
277,KHC.csv,Extra Trees Classifier,0.918918918918919,0.9259259259259259,0.9124087591240877,0.9732621546075242
278,KIM.csv,Suuport Vector Machine,0.861271676300578,0.8225806451612904,0.864406779661017,0.9495719636169075
279,KIM.csv,Extra Trees Classifier,0.9075144508670521,0.8908045977011494,0.9064327485380117,0.9696361690743713
280,KLAC.csv,Suuport Vector Machine,0.7312138728323699,0.7523809523809524,0.7726161369193154,0.8617235839059242
281,KLAC.csv,Extra Trees Classifier,0.846820809248555,0.8924731182795699,0.8623376623376623,0.9293405804532869
282,KMB.csv,Suuport Vector Machine,0.7861271676300579,0.765625,0.7989130434782608,0.8772727272727273
283,KMB.csv,Extra Trees Classifier,0.8439306358381503,0.8388888888888889,0.848314606741573,0.9411764705882354
284,KMI.csv,Suuport Vector Machine,0.7832369942196532,0.8760330578512396,0.7386759581881533,0.9107429718875503
285,KMI.csv,Extra Trees Classifier,0.884393063583815,0.9256756756756757,0.8726114649681529,0.964574966532798
286,KMX.csv,Suuport Vector Machine,0.8179190751445087,0.838150289017341,0.8215297450424929,0.9094042838018742
287,KMX.csv,Extra Trees Classifier,0.8670520231213873,0.8850574712643678,0.8700564971751412,0.953714859437751
288,KO.csv,Suuport Vector Machine,0.869942196531792,0.8432432432432433,0.8739495798319328,0.9484429296979416
289,KO.csv,Extra Trees Classifier,0.8901734104046243,0.9036144578313253,0.8875739644970415,0.9585672280139
290,KORS.csv,Suuport Vector Machine,0.7138728323699421,0.7228260869565217,0.7287671232876712,0.8196216306713544
291,KORS.csv,Extra Trees Classifier,0.8583815028901735,0.8626373626373627,0.8650137741046833,0.9135945086221329
292,KR.csv,Suuport Vector Machine,0.7601156069364162,0.7407407407407407,0.7713498622589533,0.8417535418337343
293,KR.csv,Extra Trees Classifier,0.8583815028901735,0.8698224852071006,0.8571428571428572,0.934192060946271
294,KSS.csv,Suuport Vector Machine,0.8208092485549133,0.8072916666666666,0.8333333333333334,0.9087684069611781
295,KSS.csv,Extra Trees Classifier,0.869942196531792,0.8688524590163934,0.8760330578512396,0.950669344042838
296,KSU.csv,Suuport Vector Machine,0.8901734104046243,0.888268156424581,0.8932584269662921,0.9683415237522148
297,KSU.csv,Extra Trees Classifier,0.9046242774566474,0.9044943820224719,0.9070422535211267,0.968959983953465
298,L.csv,Suuport Vector Machine,0.8497109826589595,0.8448275862068966,0.8497109826589595,0.9407244052392408
299,L.csv,Extra Trees Classifier,0.8901734104046243,0.8988095238095238,0.888235294117647,0.9636126704089816
300,LB.csv,Suuport Vector Machine,0.7832369942196532,0.7354497354497355,0.7875354107648724,0.8797239346019834
301,LB.csv,Extra Trees Classifier,0.8497109826589595,0.8255813953488372,0.8452380952380953,0.9343842133476279
302,LEG.csv,Suuport Vector Machine,0.8410404624277457,0.8481675392670157,0.8548812664907651,0.9335948020468624
303,LEG.csv,Extra Trees Classifier,0.9190751445086706,0.9347826086956522,0.924731182795699,0.9638600861836789
304,LEN.csv,Suuport Vector Machine,0.8236994219653179,0.782608695652174,0.825214899713467,0.927908923489034
305,LEN.csv,Extra Trees Classifier,0.8872832369942196,0.8387096774193549,0.8888888888888888,0.9560354930520676
306,LH.csv,Suuport Vector Machine,0.838150289017341,0.824468085106383,0.8469945355191256,0.9219836811128945
307,LH.csv,Extra Trees Classifier,0.8728323699421965,0.8806818181818182,0.8757062146892656,0.9498562065275549
308,LKQ.csv,Suuport Vector Machine,0.791907514450867,0.7864583333333334,0.8074866310160428,0.8702928169391583
309,LKQ.csv,Extra Trees Classifier,0.8728323699421965,0.8791208791208791,0.8791208791208791,0.9502144197266149
310,LLL.csv,Suuport Vector Machine,0.7803468208092486,0.7868852459016393,0.7912087912087912,0.8897371505106312
311,LLL.csv,Extra Trees Classifier,0.8901734104046243,0.9132947976878613,0.8926553672316384,0.952134605725766
312,LLY.csv,Suuport Vector Machine,0.8294797687861272,0.8241758241758241,0.8356545961002785,0.9204025005850299
313,LLY.csv,Extra Trees Classifier,0.8930635838150289,0.9216867469879518,0.892128279883382,0.9671547487714371
314,LMT.csv,Suuport Vector Machine,0.7543352601156069,0.7309417040358744,0.7931873479318735,0.8742256935092917
315,LMT.csv,Extra Trees Classifier,0.869942196531792,0.8743455497382199,0.8812664907651715,0.9440311069216267
316,LNC.csv,Suuport Vector Machine,0.7947976878612717,0.7548076923076923,0.8155844155844156,0.9033196269180623
317,LNC.csv,Extra Trees Classifier,0.8526011560693642,0.842391304347826,0.8587257617728531,0.9405275298365259
318,LNT.csv,Suuport Vector Machine,0.8497109826589595,0.8469387755102041,0.8645833333333334,0.9368098572582817
319,LNT.csv,Extra Trees Classifier,0.8554913294797688,0.8670212765957447,0.8670212765957447,0.937685160247778
320,LOW.csv,Suuport Vector Machine,0.8092485549132948,0.8,0.8324873096446701,0.9173322549118728
321,LOW.csv,Extra Trees Classifier,0.9132947976878613,0.9162303664921466,0.9210526315789473,0.9627607589391028
322,LRCX.csv,Suuport Vector Machine,0.8352601156069365,0.8146341463414634,0.8542199488491048,0.9315524193548387
323,LRCX.csv,Extra Trees Classifier,0.861271676300578,0.8670212765957447,0.8716577540106952,0.9359206989247312
324,LUV.csv,Suuport Vector Machine,0.7456647398843931,0.7037037037037037,0.7755102040816326,0.8751002673796792
325,LUV.csv,Extra Trees Classifier,0.8583815028901735,0.8190954773869347,0.8693333333333333,0.9494986631016042
326,LYB.csv,Suuport Vector Machine,0.8439306358381503,0.8555555555555555,0.850828729281768,0.9428102385419459
327,LYB.csv,Extra Trees Classifier,0.8728323699421965,0.896551724137931,0.8764044943820224,0.9593440096488877
328,M.csv,Suuport Vector Machine,0.8352601156069365,0.8698224852071006,0.8376068376068375,0.9102787456445993
329,M.csv,Extra Trees Classifier,0.9046242774566474,0.930635838150289,0.9070422535211268,0.9642019565800054
330,MA.csv,Suuport Vector Machine,0.8121387283236994,0.7736625514403292,0.852607709750567,0.9185776685776684
331,MA.csv,Extra Trees Classifier,0.8815028901734104,0.8829268292682927,0.8982630272952853,0.9488977613977615
332,MAA.csv,Suuport Vector Machine,0.8554913294797688,0.851063829787234,0.8648648648648649,0.9324242830340391
333,MAA.csv,Extra Trees Classifier,0.8872832369942196,0.8823529411764706,0.8943089430894309,0.9602988474939695
334,MAC.csv,Suuport Vector Machine,0.8526011560693642,0.7947368421052632,0.8555240793201133,0.9329846793388984
335,MAC.csv,Extra Trees Classifier,0.8757225433526011,0.8409090909090909,0.8731563421828908,0.9643803010493144
336,MAR.csv,Suuport Vector Machine,0.7716763005780347,0.7096774193548387,0.7958656330749354,0.9049131016042781
337,MAR.csv,Extra Trees Classifier,0.8670520231213873,0.8297872340425532,0.871508379888268,0.946206550802139
338,MAS.csv,Suuport Vector Machine,0.8005780346820809,0.7513227513227513,0.8045325779036827,0.9021709997319753
339,MAS.csv,Extra Trees Classifier,0.8901734104046243,0.8662790697674418,0.886904761904762,0.9575515947467167
340,MAT.csv,Suuport Vector Machine,0.7341040462427746,0.7931034482758621,0.7142857142857143,0.8257948049343093
341,MAT.csv,Extra Trees Classifier,0.8179190751445087,0.8352941176470589,0.8184438040345823,0.9016648280012035
342,MCD.csv,Suuport Vector Machine,0.8005780346820809,0.7899543378995434,0.8337349397590361,0.8866326530612244
343,MCD.csv,Extra Trees Classifier,0.8670520231213873,0.8787878787878788,0.8832487309644671,0.9107823129251701
344,MCHP.csv,Suuport Vector Machine,0.8034682080924855,0.7815533980582524,0.8256410256410256,0.9096048040794418
345,MCHP.csv,Extra Trees Classifier,0.8757225433526011,0.8810810810810811,0.8834688346883469,0.9591049382716049
346,MCK.csv,Suuport Vector Machine,0.7630057803468208,0.7738095238095238,0.760233918128655,0.8526797647687784
347,MCK.csv,Extra Trees Classifier,0.9017341040462428,0.9320987654320988,0.8988095238095237,0.9679731355252607
348,MCO.csv,Suuport Vector Machine,0.8179190751445087,0.8308457711442786,0.8413098236775819,0.9153061224489796
349,MCO.csv,Extra Trees Classifier,0.8786127167630058,0.9184782608695652,0.8894736842105263,0.954982993197279
350,MDLZ.csv,Suuport Vector Machine,0.8641618497109826,0.8224852071005917,0.8553846153846154,0.9428137651821863
351,MDLZ.csv,Extra Trees Classifier,0.8872832369942196,0.8633540372670807,0.8769716088328077,0.9517206477732794
352,MDT.csv,Suuport Vector Machine,0.815028901734104,0.8031088082901554,0.8288770053475937,0.9052569897873765
353,MDT.csv,Extra Trees Classifier,0.8728323699421965,0.8959537572254336,0.8757062146892656,0.9475138121546961
354,MET.csv,Suuport Vector Machine,0.8063583815028902,0.8128654970760234,0.8057971014492754,0.9028668805132317
355,MET.csv,Extra Trees Classifier,0.8988439306358381,0.9263803680981595,0.8961424332344213,0.9508988238438919
356,MGM.csv,Suuport Vector Machine,0.8583815028901735,0.8770053475935828,0.870026525198939,0.9390350877192982
357,MGM.csv,Extra Trees Classifier,0.8930635838150289,0.9180327868852459,0.900804289544236,0.9655364372469636
358,MHK.csv,Suuport Vector Machine,0.7601156069364162,0.7373737373737373,0.7786666666666667,0.8621000902617592
359,MHK.csv,Extra Trees Classifier,0.8728323699421965,0.884393063583815,0.8742857142857143,0.9532310366730185
360,MKC.csv,Suuport Vector Machine,0.8554913294797688,0.8333333333333334,0.8780487804878049,0.9432650569723277
361,MKC.csv,Extra Trees Classifier,0.8815028901734104,0.900523560209424,0.8935064935064936,0.9611028214867064
362,MLM.csv,Suuport Vector Machine,0.8526011560693642,0.8728323699421965,0.8555240793201134,0.9435408299866131
363,MLM.csv,Extra Trees Classifier,0.884393063583815,0.9117647058823529,0.8857142857142858,0.9684069611780455
364,MMC.csv,Suuport Vector Machine,0.8265895953757225,0.7961165048543689,0.845360824742268,0.9128584829804341
365,MMC.csv,Extra Trees Classifier,0.8786127167630058,0.8888888888888888,0.883977900552486,0.9522078531224873
366,MMM.csv,Suuport Vector Machine,0.7687861271676301,0.7684729064039408,0.7959183673469388,0.8753749199609073
367,MMM.csv,Extra Trees Classifier,0.8526011560693642,0.845,0.8688946015424165,0.9495332457115896
368,MNST.csv,Suuport Vector Machine,0.7485549132947977,0.7135135135135136,0.7521367521367522,0.8474230254350736
369,MNST.csv,Extra Trees Classifier,0.8439306358381503,0.8218390804597702,0.8411764705882353,0.9281961178045516
370,MO.csv,Suuport Vector Machine,0.7658959537572254,0.7216981132075472,0.7906976744186047,0.8774603174603176
371,MO.csv,Extra Trees Classifier,0.8439306358381503,0.8418079096045198,0.8465909090909091,0.9235087719298245
372,MOS.csv,Suuport Vector Machine,0.8670520231213873,0.9,0.8544303797468354,0.9493306559571619
373,MOS.csv,Extra Trees Classifier,0.8872832369942196,0.8713450292397661,0.8842729970326408,0.958785140562249
374,MPC.csv,Suuport Vector Machine,0.7774566473988439,0.72,0.8079800498753117,0.8797459893048128
375,MPC.csv,Extra Trees Classifier,0.9046242774566474,0.9085714285714286,0.905982905982906,0.9698362299465241
376,MRK.csv,Suuport Vector Machine,0.7543352601156069,0.7555555555555555,0.7619047619047619,0.8319961220873867
377,MRK.csv,Extra Trees Classifier,0.8526011560693642,0.875,0.8521739130434782,0.9384548524053087
378,MRO.csv,Suuport Vector Machine,0.8034682080924855,0.8121212121212121,0.7976190476190476,0.8784294068504594
379,MRO.csv,Extra Trees Classifier,0.8786127167630058,0.9006211180124224,0.8734939759036144,0.9389306599832915
380,MS.csv,Suuport Vector Machine,0.8265895953757225,0.8606060606060606,0.8255813953488371,0.9322082092797644
381,MS.csv,Extra Trees Classifier,0.8728323699421965,0.8857142857142857,0.8757062146892656,0.9577325795336701
382,MSCI.csv,Suuport Vector Machine,0.8583815028901735,0.8285714285714286,0.8765743073047859,0.9527124743550935
383,MSCI.csv,Extra Trees Classifier,0.9046242774566474,0.9095744680851063,0.9119999999999998,0.9602630074328187
384,MSFT.csv,Suuport Vector Machine,0.8179190751445087,0.7850467289719626,0.8421052631578947,0.9019305019305021
385,MSFT.csv,Extra Trees Classifier,0.884393063583815,0.864321608040201,0.8958333333333334,0.9561020647977171
386,MSI.csv,Suuport Vector Machine,0.8497109826589595,0.8292682926829268,0.8673469387755102,0.9385194901288131
387,MSI.csv,Extra Trees Classifier,0.8930635838150289,0.9213483146067416,0.8986301369863013,0.9672417852218074
388,MTB.csv,Suuport Vector Machine,0.8526011560693642,0.815,0.8647214854111405,0.9452746297596363
389,MTB.csv,Extra Trees Classifier,0.9104046242774566,0.8924731182795699,0.9146005509641872,0.9696954501387357
390,MTD.csv,Suuport Vector Machine,0.8121387283236994,0.75,0.8354430379746834,0.9272180451127819
391,MTD.csv,Extra Trees Classifier,0.8728323699421965,0.8502673796791443,0.878453038674033,0.9571762740183793
392,MU.csv,Suuport Vector Machine,0.8294797687861272,0.8192090395480226,0.830945558739255,0.9201917936380646
393,MU.csv,Extra Trees Classifier,0.9046242774566474,0.9161676646706587,0.9026548672566371,0.9692929697941727
394,MYL.csv,Suuport Vector Machine,0.7890173410404624,0.7704081632653061,0.8053333333333333,0.8954939283444285
395,MYL.csv,Extra Trees Classifier,0.9017341040462428,0.9005524861878453,0.9055555555555554,0.9611280232830428
396,NBL.csv,Suuport Vector Machine,0.846820809248555,0.8835616438356164,0.8295819935691318,0.9312573246274903
397,NBL.csv,Extra Trees Classifier,0.8959537572254336,0.9215686274509803,0.8867924528301887,0.9583124058262179
398,NCLH.csv,Suuport Vector Machine,0.869942196531792,0.8977272727272727,0.8753462603878117,0.9410609367131106
399,NCLH.csv,Extra Trees Classifier,0.8526011560693642,0.8895348837209303,0.8571428571428571,0.9361423535336578
400,NDAQ.csv,Suuport Vector Machine,0.8265895953757225,0.796875,0.8360655737704917,0.9189554931836408
401,NDAQ.csv,Extra Trees Classifier,0.8410404624277457,0.8287292817679558,0.8450704225352113,0.9159315690991713
402,NEE.csv,Suuport Vector Machine,0.8265895953757225,0.7873303167420814,0.8529411764705882,0.9315911613358894
403,NEE.csv,Extra Trees Classifier,0.8901734104046243,0.8983957219251337,0.8983957219251336,0.938822184105203
404,NEM.csv,Suuport Vector Machine,0.838150289017341,0.8518518518518519,0.8313253012048193,0.9265374331550802
405,NEM.csv,Extra Trees Classifier,0.8728323699421965,0.89375,0.8666666666666667,0.9483790106951872
406,NFLX.csv,Suuport Vector Machine,0.7341040462427746,0.8206896551724138,0.7212121212121212,0.8604331039113647
407,NFLX.csv,Extra Trees Classifier,0.7976878612716763,0.8248587570621468,0.8066298342541436,0.9149068322981366
408,NFX.csv,Suuport Vector Machine,0.8236994219653179,0.8203592814371258,0.817910447761194,0.9265984483681113
409,NFX.csv,Extra Trees Classifier,0.8583815028901735,0.8650306748466258,0.851963746223565,0.9393893793472445
410,NI.csv,Suuport Vector Machine,0.7947976878612717,0.8089887640449438,0.8022284122562674,0.9052402477816843
411,NI.csv,Extra Trees Classifier,0.9017341040462428,0.92,0.9044943820224719,0.9662146325129752
412,NKE.csv,Suuport Vector Machine,0.8294797687861272,0.8409090909090909,0.8338028169014085,0.9054628173819957
413,NKE.csv,Extra Trees Classifier,0.8670520231213873,0.884393063583815,0.8693181818181819,0.9236610577727228
414,NKTR.csv,Suuport Vector Machine,0.7138728323699421,0.7348066298342542,0.7287671232876712,0.8214908749329038
415,NKTR.csv,Extra Trees Classifier,0.869942196531792,0.888268156424581,0.8760330578512395,0.9234769189479334
416,NLSN.csv,Suuport Vector Machine,0.7890173410404624,0.8074534161490683,0.7807807807807807,0.8673984228815824
417,NLSN.csv,Extra Trees Classifier,0.8497109826589595,0.9,0.8385093167701863,0.9338412189254209
418,NOC.csv,Suuport Vector Machine,0.8410404624277457,0.7929292929292929,0.8509485094850948,0.9321303258145364
419,NOC.csv,Extra Trees Classifier,0.8872832369942196,0.8666666666666667,0.8888888888888888,0.9545530492898914
420,NOV.csv,Suuport Vector Machine,0.869942196531792,0.8838709677419355,0.8589341692789969,0.9505159474671669
421,NOV.csv,Extra Trees Classifier,0.8872832369942196,0.8980891719745223,0.8785046728971962,0.9675187617260789
422,NRG.csv,Suuport Vector Machine,0.7514450867052023,0.7904191616766467,0.7542857142857144,0.8560126051828757
423,NRG.csv,Extra Trees Classifier,0.8872832369942196,0.9186046511627907,0.8901408450704225,0.9512890140467329
424,NSC.csv,Suuport Vector Machine,0.8208092485549133,0.8341968911917098,0.8385416666666666,0.9199797331531836
425,NSC.csv,Extra Trees Classifier,0.9132947976878613,0.9398907103825137,0.9197860962566845,0.9745144401283568
426,NTAP.csv,Suuport Vector Machine,0.791907514450867,0.8461538461538461,0.8105263157894737,0.8957650832650832
427,NTAP.csv,Extra Trees Classifier,0.8786127167630058,0.9382022471910112,0.8882978723404255,0.9562005187005187
428,NTRS.csv,Suuport Vector Machine,0.8497109826589595,0.8225806451612904,0.8547486033519555,0.9300654905105586
429,NTRS.csv,Extra Trees Classifier,0.861271676300578,0.8563218390804598,0.861271676300578,0.9393878642074311
430,NUE.csv,Suuport Vector Machine,0.8352601156069365,0.9197530864197531,0.8394366197183099,0.9230925530834095
431,NUE.csv,Extra Trees Classifier,0.8959537572254336,0.9197860962566845,0.9052631578947369,0.9678790341697991
432,NVDA.csv,Suuport Vector Machine,0.7543352601156069,0.7372881355932204,0.8036951501154735,0.8580724287125677
433,NVDA.csv,Extra Trees Classifier,0.861271676300578,0.8900523560209425,0.8762886597938145,0.9250672844342999
434,NWL.csv,Suuport Vector Machine,0.7225433526011561,0.7325581395348837,0.7241379310344829,0.7984625668449199
435,NWL.csv,Extra Trees Classifier,0.8786127167630058,0.8895348837209303,0.8793103448275862,0.9323863636363636
436,NWS.csv,Suuport Vector Machine,0.8352601156069365,0.8475609756097561,0.8298507462686566,0.9213700918964077
437,NWS.csv,Extra Trees Classifier,0.8930635838150289,0.935064935064935,0.8861538461538462,0.9711946532999165
438,NWSA.csv,Suuport Vector Machine,0.7890173410404624,0.7921348314606742,0.7943661971830986,0.8863203289539666
439,NWSA.csv,Extra Trees Classifier,0.884393063583815,0.9101796407185628,0.8837209302325582,0.9639120115000168
440,O.csv,Suuport Vector Machine,0.847953216374269,0.8181818181818182,0.8737864077669902,0.9444791666666668
441,O.csv,Extra Trees Classifier,0.8976608187134503,0.8829268292682927,0.9118387909319899,0.96765625
442,OKE.csv,Suuport Vector Machine,0.8236994219653179,0.8140703517587939,0.8415584415584416,0.922513440860215
443,OKE.csv,Extra Trees Classifier,0.9075144508670521,0.9095744680851063,0.9144385026737967,0.9719758064516129
444,OMC.csv,Suuport Vector Machine,0.8208092485549133,0.8040201005025126,0.837696335078534,0.9015722954172114
445,OMC.csv,Extra Trees Classifier,0.8930635838150289,0.9010989010989011,0.8986301369863015,0.961446914076905
446,ORCL.csv,Suuport Vector Machine,0.7572254335260116,0.7777777777777778,0.7777777777777778,0.8518181511812085
447,ORCL.csv,Extra Trees Classifier,0.8497109826589595,0.8512820512820513,0.8645833333333333,0.9178209146362013
448,ORLY.csv,Suuport Vector Machine,0.7861271676300579,0.7562189054726368,0.8042328042328042,0.879801424129977
449,ORLY.csv,Extra Trees Classifier,0.8988439306358381,0.8817204301075269,0.9035812672176308,0.9572761006920069
450,OXY.csv,Suuport Vector Machine,0.8439306358381503,0.8353658536585366,0.8353658536585366,0.925422138836773
451,OXY.csv,Extra Trees Classifier,0.8641618497109826,0.8774193548387097,0.8526645768025078,0.9388401232913428
452,PAYX.csv,Suuport Vector Machine,0.861271676300578,0.8532608695652174,0.8674033149171272,0.9408941947565543
453,PAYX.csv,Extra Trees Classifier,0.9017341040462428,0.9235294117647059,0.9022988505747127,0.9507758159443553
454,PBCT.csv,Suuport Vector Machine,0.8439306358381503,0.7711442786069652,0.8516483516483517,0.9575580810620536
455,PBCT.csv,Extra Trees Classifier,0.8959537572254336,0.8670520231213873,0.8928571428571429,0.9689060980924603
456,PCAR.csv,Suuport Vector Machine,0.8554913294797688,0.8726114649681529,0.845679012345679,0.9446024152811696
457,PCAR.csv,Extra Trees Classifier,0.8757225433526011,0.8924050632911392,0.8676923076923077,0.9457230789817015
458,PCG.csv,Suuport Vector Machine,0.7601156069364162,0.7621621621621621,0.7726027397260273,0.8602074966532798
459,PCG.csv,Extra Trees Classifier,0.8641618497109826,0.8982035928143712,0.8645533141210375,0.9340194109772424
460,PEG.csv,Suuport Vector Machine,0.8786127167630058,0.859375,0.8870967741935484,0.9588688085676038
461,PEG.csv,Extra Trees Classifier,0.8757225433526011,0.8549222797927462,0.8847184986595175,0.9559906291834003
462,PEP.csv,Suuport Vector Machine,0.8497109826589595,0.8088235294117647,0.8638743455497383,0.9459604066345639
463,PEP.csv,Extra Trees Classifier,0.9104046242774566,0.8808290155440415,0.9164420485175203,0.9678303905831995
464,PFE.csv,Suuport Vector Machine,0.8294797687861272,0.7967914438502673,0.8347338935574229,0.9176136363636364
465,PFE.csv,Extra Trees Classifier,0.8352601156069365,0.8304093567251462,0.8328445747800586,0.9285929144385027
466,PFG.csv,Suuport Vector Machine,0.8294797687861272,0.7892156862745098,0.8451443569553806,0.9272222779393574
467,PFG.csv,Extra Trees Classifier,0.884393063583815,0.8663101604278075,0.8901098901098901,0.9497208571524086
468,PG.csv,Suuport Vector Machine,0.8005780346820809,0.7877094972067039,0.8034188034188035,0.8963512429831595
469,PG.csv,Extra Trees Classifier,0.9017341040462428,0.9058823529411765,0.9005847953216374,0.9642308206361936
470,PGR.csv,Suuport Vector Machine,0.8179190751445087,0.801980198019802,0.8372093023255814,0.9245593419506463
471,PGR.csv,Extra Trees Classifier,0.8497109826589595,0.841025641025641,0.8631578947368422,0.9397347658217224
472,PH.csv,Suuport Vector Machine,0.861271676300578,0.8502673796791443,0.8688524590163934,0.954236777840966
473,PH.csv,Extra Trees Classifier,0.8757225433526011,0.8777777777777778,0.8802228412256267,0.9517780082293513
474,PHM.csv,Suuport Vector Machine,0.8815028901734104,0.8366336633663366,0.8918205804749341,0.9600006686056229
475,PHM.csv,Extra Trees Classifier,0.9190751445086706,0.907103825136612,0.9222222222222222,0.9781031658476248
476,PKG.csv,Suuport Vector Machine,0.791907514450867,0.7772511848341233,0.82,0.9060256799110302
477,PKG.csv,Extra Trees Classifier,0.846820809248555,0.8505154639175257,0.8616187989556136,0.9211572810298925
478,PKI.csv,Suuport Vector Machine,0.7947976878612717,0.7837837837837838,0.8033240997229917,0.9093582887700534
479,PKI.csv,Extra Trees Classifier,0.861271676300578,0.8595505617977528,0.864406779661017,0.941961898395722
480,PLD.csv,Suuport Vector Machine,0.8410404624277457,0.8225806451612904,0.8476454293628809,0.9410025062656642
481,PLD.csv,Extra Trees Classifier,0.8872832369942196,0.8736263736263736,0.8907563025210085,0.958830409356725
482,PM.csv,Suuport Vector Machine,0.7427745664739884,0.7359550561797753,0.7464387464387465,0.860035417153931
483,PM.csv,Extra Trees Classifier,0.8728323699421965,0.910828025477707,0.8666666666666667,0.9450198803835744
484,PNC.csv,Suuport Vector Machine,0.7976878612716763,0.7849462365591398,0.8066298342541436,0.9024064171122994
485,PNC.csv,Extra Trees Classifier,0.8641618497109826,0.8603351955307262,0.8676056338028169,0.9478609625668449
486,PNR.csv,Suuport Vector Machine,0.7601156069364162,0.8051948051948052,0.7492447129909365,0.848159663022766
487,PNR.csv,Extra Trees Classifier,0.861271676300578,0.8685714285714285,0.8636363636363636,0.9433022431718651
488,PNW.csv,Suuport Vector Machine,0.8092485549132948,0.7681159420289855,0.828125,0.924280413198275
489,PNW.csv,Extra Trees Classifier,0.8670520231213873,0.8502673796791443,0.8736263736263736,0.9463276836158192
490,PPG.csv,Suuport Vector Machine,0.7947976878612717,0.8054054054054054,0.8075880758807589,0.9020397208803006
491,PPG.csv,Extra Trees Classifier,0.9161849710982659,0.9378531073446328,0.9196675900277008,0.9708635265700483
492,PPL.csv,Suuport Vector Machine,0.7196531791907514,0.7122641509433962,0.756892230576441,0.8178118588773416
493,PPL.csv,Extra Trees Classifier,0.8439306358381503,0.8633879781420765,0.8540540540540541,0.9260754044327851
494,PRGO.csv,Suuport Vector Machine,0.7774566473988439,0.7589743589743589,0.7935656836461126,0.8639981273408239
495,PRGO.csv,Extra Trees Classifier,0.838150289017341,0.8630952380952381,0.8381502890173411,0.9253277153558053
496,PRU.csv,Suuport Vector Machine,0.7947976878612717,0.7921348314606742,0.7988668555240793,0.899515455304929
497,PRU.csv,Extra Trees Classifier,0.8583815028901735,0.8579545454545454,0.8603988603988603,0.9451963241436926
498,PSA.csv,Suuport Vector Machine,0.8786127167630058,0.8813559322033898,0.8813559322033898,0.9467121318490288
499,PSA.csv,Extra Trees Classifier,0.8930635838150289,0.9117647058823529,0.8933717579250722,0.9631932604553205
500,PSX.csv,Suuport Vector Machine,0.8439306358381503,0.7906976744186046,0.8629441624365481,0.9339979259358379
501,PSX.csv,Extra Trees Classifier,0.8872832369942196,0.8932584269662921,0.8907563025210083,0.9637707824574315
502,PVH.csv,Suuport Vector Machine,0.8179190751445087,0.8210526315789474,0.8319999999999999,0.9115494376363942
503,PVH.csv,Extra Trees Classifier,0.8554913294797688,0.8609625668449198,0.8655913978494624,0.9326842370320632
504,PWR.csv,Suuport Vector Machine,0.7601156069364162,0.748792270531401,0.7888040712468194,0.8554771505376344
505,PWR.csv,Extra Trees Classifier,0.8757225433526011,0.8823529411764706,0.8847184986595173,0.9516129032258064
506,PX.csv,Suuport Vector Machine,0.8497109826589595,0.9012345679012346,0.8488372093023256,0.9525931385687484
507,PX.csv,Extra Trees Classifier,0.8815028901734104,0.9075144508670521,0.8845070422535212,0.9589084695792013
508,PXD.csv,Suuport Vector Machine,0.8352601156069365,0.8087431693989071,0.8385269121813032,0.9289438502673797
509,PXD.csv,Extra Trees Classifier,0.884393063583815,0.891566265060241,0.880952380952381,0.9587065508021391
510,PYPL.csv,Suuport Vector Machine,0.7567567567567568,0.7314285714285714,0.7804878048780487,0.8785822021116139
511,PYPL.csv,Extra Trees Classifier,0.8175675675675675,0.8235294117647058,0.8235294117647058,0.9064628182275242
512,QCOM.csv,Suuport Vector Machine,0.7630057803468208,0.791907514450867,0.7696629213483146,0.8819940326527875
513,QCOM.csv,Extra Trees Classifier,0.8497109826589595,0.8830409356725146,0.8531073446327684,0.9367729390861242
514,QRVO.csv,Suuport Vector Machine,0.8034682080924855,0.7976190476190477,0.7976190476190477,0.8803838951310862
515,QRVO.csv,Extra Trees Classifier,0.8670520231213873,0.8505747126436781,0.8654970760233917,0.9355939004815409
516,RCL.csv,Suuport Vector Machine,0.8179190751445087,0.8087431693989071,0.8245125348189416,0.9093582887700534
517,RCL.csv,Extra Trees Classifier,0.8988439306358381,0.8983050847457628,0.9008498583569404,0.9634191176470588
518,RE.csv,Suuport Vector Machine,0.8236994219653179,0.8166666666666667,0.8281690140845069,0.917827903091061
519,RE.csv,Extra Trees Classifier,0.8757225433526011,0.8928571428571429,0.8746355685131195,0.9558395989974937
520,REG.csv,Suuport Vector Machine,0.8554913294797688,0.8729281767955801,0.8633879781420766,0.939701191875105
521,REG.csv,Extra Trees Classifier,0.8728323699421965,0.8983050847457628,0.8784530386740332,0.9516199429242908
522,REGN.csv,Suuport Vector Machine,0.838150289017341,0.8392857142857143,0.834319526627219,0.928442513368984
523,REGN.csv,Extra Trees Classifier,0.8901734104046243,0.888235294117647,0.888235294117647,0.9599097593582888
524,RF.csv,Suuport Vector Machine,0.8439306358381503,0.8051282051282052,0.8532608695652174,0.9248220789201109
525,RF.csv,Extra Trees Classifier,0.8670520231213873,0.8670520231213873,0.8670520231213873,0.9416452270373217
526,RHI.csv,Suuport Vector Machine,0.8063583815028902,0.8324607329842932,0.8259740259740259,0.8842580032555616
527,RHI.csv,Extra Trees Classifier,0.8526011560693642,0.8950276243093923,0.864,0.9433328811720022
528,RHT.csv,Suuport Vector Machine,0.815028901734104,0.7934272300469484,0.8407960199004976,0.8912479358339231
529,RHT.csv,Extra Trees Classifier,0.8872832369942196,0.8787878787878788,0.8992248062015504,0.962137296532201
530,RJF.csv,Suuport Vector Machine,0.8005780346820809,0.7602040816326531,0.8119891008174388,0.9114118629908102
531,RJF.csv,Extra Trees Classifier,0.861271676300578,0.8554913294797688,0.8604651162790697,0.9430743525480367
532,RL.csv,Suuport Vector Machine,0.7745664739884393,0.8045977011494253,0.782122905027933,0.8726851851851852
533,RL.csv,Extra Trees Classifier,0.8786127167630058,0.898876404494382,0.8839779005524863,0.9465244229736983
534,RMD.csv,Suuport Vector Machine,0.7745664739884393,0.7347826086956522,0.8124999999999999,0.8892305107526881
535,RMD.csv,Extra Trees Classifier,0.8323699421965318,0.8333333333333334,0.8465608465608465,0.9186323924731183
536,ROK.csv,Suuport Vector Machine,0.846820809248555,0.8764705882352941,0.849002849002849,0.929984932194877
537,ROK.csv,Extra Trees Classifier,0.8786127167630058,0.8926553672316384,0.88268156424581,0.9611585467939059
538,ROL.csv,Suuport Vector Machine,0.8439306358381503,0.8214285714285714,0.8563829787234043,0.9358768406961178
539,ROL.csv,Extra Trees Classifier,0.869942196531792,0.8857142857142857,0.8732394366197184,0.9397925033467203
540,ROP.csv,Suuport Vector Machine,0.8034682080924855,0.7793427230046949,0.83,0.9047354790972992
541,ROP.csv,Extra Trees Classifier,0.838150289017341,0.8502673796791443,0.8502673796791445,0.9344499377795716
542,ROST.csv,Suuport Vector Machine,0.7947976878612717,0.7871287128712872,0.8174807197943444,0.8987993138936535
543,ROST.csv,Extra Trees Classifier,0.8786127167630058,0.8756476683937824,0.8894736842105262,0.9458682272222783
544,RSG.csv,Suuport Vector Machine,0.8208092485549133,0.7767857142857143,0.848780487804878,0.9420362903225806
545,RSG.csv,Extra Trees Classifier,0.8815028901734104,0.864321608040201,0.8935064935064936,0.9550403225806452
546,RTN.csv,Suuport Vector Machine,0.791907514450867,0.7788461538461539,0.8181818181818181,0.9018650686776191
547,RTN.csv,Extra Trees Classifier,0.846820809248555,0.8461538461538461,0.8616187989556136,0.9257844061405871
548,SBAC.csv,Suuport Vector Machine,0.8352601156069365,0.8444444444444444,0.8421052631578947,0.9193705005859703
549,SBAC.csv,Extra Trees Classifier,0.8294797687861272,0.8505747126436781,0.8338028169014085,0.9198392767453542
550,SBUX.csv,Suuport Vector Machine,0.8670520231213873,0.8908045977011494,0.8707865168539326,0.9507839721254356
551,SBUX.csv,Extra Trees Classifier,0.9219653179190751,0.9329608938547486,0.925207756232687,0.9694954435808095
552,SCG.csv,Suuport Vector Machine,0.708092485549133,0.6666666666666666,0.7202216066481995,0.826673360107095
553,SCG.csv,Extra Trees Classifier,0.8439306358381503,0.8294117647058824,0.8392857142857144,0.9265060240963855
554,SCHW.csv,Suuport Vector Machine,0.8323699421965318,0.8212290502793296,0.8352272727272727,0.9177887667479702
555,SCHW.csv,Extra Trees Classifier,0.8641618497109826,0.8841463414634146,0.8605341246290801,0.9379865682114338
556,SEE.csv,Suuport Vector Machine,0.8294797687861272,0.8409090909090909,0.8338028169014085,0.9223731308333056
557,SEE.csv,Extra Trees Classifier,0.9017341040462428,0.9239766081871345,0.9028571428571428,0.9576656742381159
558,SHW.csv,Suuport Vector Machine,0.791907514450867,0.774869109947644,0.8043478260869565,0.8993079931802226
559,SHW.csv,Extra Trees Classifier,0.8930635838150289,0.8932584269662921,0.895774647887324,0.9494701300437937
560,SIVB.csv,Suuport Vector Machine,0.7861271676300579,0.7738693467336684,0.806282722513089,0.8837037782024205
561,SIVB.csv,Extra Trees Classifier,0.8121387283236994,0.8314606741573034,0.8199445983379501,0.9122498239967817
562,SJM.csv,Suuport Vector Machine,0.7630057803468208,0.7055837563451777,0.7722222222222223,0.863689697944953
563,SJM.csv,Extra Trees Classifier,0.8757225433526011,0.8370786516853933,0.8739002932551321,0.9351134801703039
564,SLB.csv,Suuport Vector Machine,0.7514450867052023,0.8,0.7152317880794702,0.8723112434349178
565,SLB.csv,Extra Trees Classifier,0.861271676300578,0.8993288590604027,0.8481012658227848,0.9445689626333924
566,SLG.csv,Suuport Vector Machine,0.846820809248555,0.8392857142857143,0.8417910447761194,0.9506573445288194
567,SLG.csv,Extra Trees Classifier,0.8757225433526011,0.8875,0.8685015290519879,0.9516609239621315
568,SNA.csv,Suuport Vector Machine,0.8005780346820809,0.7548076923076923,0.8198433420365535,0.8989807852965748
569,SNA.csv,Extra Trees Classifier,0.884393063583815,0.8729281767955801,0.8876404494382022,0.9459816207184628
570,SNPS.csv,Suuport Vector Machine,0.8005780346820809,0.7844827586206896,0.8406466512702078,0.9173786241207755
571,SNPS.csv,Extra Trees Classifier,0.8901734104046243,0.9312169312169312,0.9025641025641026,0.9664264882484132
572,SO.csv,Suuport Vector Machine,0.861271676300578,0.8404255319148937,0.8681318681318682,0.9591577540106951
573,SO.csv,Extra Trees Classifier,0.8439306358381503,0.824468085106383,0.8516483516483518,0.9388703208556151
574,SPG.csv,Suuport Vector Machine,0.8670520231213873,0.8325358851674641,0.883248730964467,0.9564881651838174
575,SPG.csv,Extra Trees Classifier,0.8757225433526011,0.8697916666666666,0.8859416445623343,0.9626993453080409
576,SPGI.csv,Suuport Vector Machine,0.838150289017341,0.8247422680412371,0.851063829787234,0.9399959796301259
577,SPGI.csv,Extra Trees Classifier,0.8815028901734104,0.8938547486033519,0.8864265927977839,0.9627780755829536
578,SRCL.csv,Suuport Vector Machine,0.7398843930635838,0.7619047619047619,0.7398843930635838,0.8311931514178705
579,SRCL.csv,Extra Trees Classifier,0.8179190751445087,0.8402366863905325,0.8184438040345822,0.9112994917067953
580,SRE.csv,Suuport Vector Machine,0.7485549132947977,0.735632183908046,0.7463556851311953,0.8647577976130779
581,SRE.csv,Extra Trees Classifier,0.9075144508670521,0.88268156424581,0.9080459770114941,0.9584628756727843
582,STI.csv,Suuport Vector Machine,0.8236994219653179,0.78,0.8364611260053619,0.928965217681847
583,STI.csv,Extra Trees Classifier,0.8930635838150289,0.8820224719101124,0.8945868945868946,0.9589361488856961
584,STT.csv,Suuport Vector Machine,0.8092485549132948,0.7880434782608695,0.8146067415730337,0.9120556001069233
585,STT.csv,Extra Trees Classifier,0.8670520231213873,0.8662790697674418,0.8662790697674418,0.9522353648757017
586,STX.csv,Suuport Vector Machine,0.7196531791907514,0.7623762376237624,0.7604938271604937,0.8014399393709739
587,STX.csv,Extra Trees Classifier,0.8005780346820809,0.8418367346938775,0.8270676691729324,0.8835130386854525
588,STZ.csv,Suuport Vector Machine,0.7572254335260116,0.7061611374407583,0.7801047120418848,0.8963074352548037
589,STZ.csv,Extra Trees Classifier,0.8526011560693642,0.8296703296703297,0.8555240793201134,0.9293734335839599
590,SWK.csv,Suuport Vector Machine,0.8208092485549133,0.8010752688172043,0.8277777777777777,0.9232157177225341
591,SWK.csv,Extra Trees Classifier,0.8872832369942196,0.8813559322033898,0.888888888888889,0.9589514835605453
592,SWKS.csv,Suuport Vector Machine,0.7803468208092486,0.7488151658767772,0.8061224489795918,0.8910430269546292
593,SWKS.csv,Extra Trees Classifier,0.861271676300578,0.8674033149171271,0.8674033149171271,0.9431776326803951
594,SYF.csv,Suuport Vector Machine,0.7832369942196532,0.7678571428571429,0.7747747747747747,0.888364306043864
595,SYF.csv,Extra Trees Classifier,0.9104046242774566,0.9135802469135802,0.9051987767584097,0.9627657793403649
596,SYK.csv,Suuport Vector Machine,0.815028901734104,0.7932692307692307,0.8375634517766497,0.8934811827956989
597,SYK.csv,Extra Trees Classifier,0.8641618497109826,0.8638743455497382,0.8753315649867373,0.9405745967741935
598,SYMC.csv,Suuport Vector Machine,0.708092485549133,0.7253886010362695,0.7349081364829396,0.7945394559655266
599,SYMC.csv,Extra Trees Classifier,0.8352601156069365,0.8502673796791443,0.848,0.9078911931053056
600,SYY.csv,Suuport Vector Machine,0.7745664739884393,0.7589743589743589,0.7914438502673796,0.8713076640016058
601,SYY.csv,Extra Trees Classifier,0.884393063583815,0.8797814207650273,0.8895027624309393,0.9589034222058674
602,T.csv,Suuport Vector Machine,0.8323699421965318,0.8650306748466258,0.8294117647058823,0.9218065723932738
603,T.csv,Extra Trees Classifier,0.8526011560693642,0.875,0.8521739130434782,0.9401096513221676
604,TAP.csv,Suuport Vector Machine,0.7369942196531792,0.6612021857923497,0.7267267267267267,0.842108843537415
605,TAP.csv,Extra Trees Classifier,0.8786127167630058,0.8375,0.8645161290322579,0.9658163265306122
606,TDG.csv,Suuport Vector Machine,0.7976878612716763,0.7801724137931034,0.837962962962963,0.9074657534246574
607,TDG.csv,Extra Trees Classifier,0.8786127167630058,0.8798076923076923,0.8970588235294118,0.9599486301369863
608,TEL.csv,Suuport Vector Machine,0.8410404624277457,0.8181818181818182,0.8548812664907652,0.934739661811485
609,TEL.csv,Extra Trees Classifier,0.8641618497109826,0.8764044943820225,0.8690807799442898,0.9333668173447179
610,TGT.csv,Suuport Vector Machine,0.7687861271676301,0.7412935323383084,0.7883597883597883,0.8820579681075118
611,TGT.csv,Extra Trees Classifier,0.8641618497109826,0.8457446808510638,0.8712328767123287,0.9290442282619596
612,TIF.csv,Suuport Vector Machine,0.8063583815028902,0.8055555555555556,0.8123249299719888,0.889262193695049
613,TIF.csv,Extra Trees Classifier,0.8815028901734104,0.8736263736263736,0.8857938718662953,0.9484170761876107
614,TJX.csv,Suuport Vector Machine,0.7369942196531792,0.7430167597765364,0.7450980392156863,0.8514579989299091
615,TJX.csv,Extra Trees Classifier,0.8728323699421965,0.8806818181818182,0.8757062146892656,0.9596876672017122
616,TMK.csv,Suuport Vector Machine,0.8930635838150289,0.8529411764705882,0.9038961038961038,0.9581449857692952
617,TMK.csv,Extra Trees Classifier,0.9017341040462428,0.8972972972972973,0.907103825136612,0.9668173447178973
618,TMO.csv,Suuport Vector Machine,0.8323699421965318,0.8,0.8432432432432433,0.9242773600668338
619,TMO.csv,Extra Trees Classifier,0.8786127167630058,0.8674033149171271,0.8820224719101123,0.9500083542188805
620,TPR.csv,Suuport Vector Machine,0.7774566473988439,0.7904191616766467,0.7741935483870966,0.8738305265971665
621,TPR.csv,Extra Trees Classifier,0.838150289017341,0.8641975308641975,0.8333333333333334,0.9223469660518577
622,TRIP.csv,Suuport Vector Machine,0.708092485549133,0.7086092715231788,0.6793650793650794,0.7940900562851783
623,TRIP.csv,Extra Trees Classifier,0.8439306358381503,0.8525641025641025,0.8312499999999999,0.9160580273385152
624,TROW.csv,Suuport Vector Machine,0.8670520231213873,0.8350515463917526,0.8756756756756756,0.9344919786096256
625,TROW.csv,Extra Trees Classifier,0.8410404624277457,0.8379888268156425,0.8450704225352113,0.9232118983957218
626,TRV.csv,Suuport Vector Machine,0.8179190751445087,0.7932692307692307,0.8396946564885496,0.9221084438475743
627,TRV.csv,Extra Trees Classifier,0.9248554913294798,0.9119170984455959,0.9312169312169312,0.9768339768339769
628,TSCO.csv,Suuport Vector Machine,0.8034682080924855,0.8034682080924855,0.8034682080924856,0.8980086204016172
629,TSCO.csv,Extra Trees Classifier,0.8901734104046243,0.8901734104046243,0.8901734104046243,0.963547061378596
630,TSN.csv,Suuport Vector Machine,0.7745664739884393,0.7584541062801933,0.8010204081632654,0.8809132113479939
631,TSN.csv,Extra Trees Classifier,0.8728323699421965,0.873015873015873,0.8823529411764706,0.9445022662413965
632,TSS.csv,Suuport Vector Machine,0.7427745664739884,0.7112970711297071,0.7925407925407926,0.8573549257759785
633,TSS.csv,Extra Trees Classifier,0.8959537572254336,0.8969072164948454,0.9062499999999999,0.9514001349527664
634,TTWO.csv,Suuport Vector Machine,0.8265895953757225,0.875,0.8369565217391305,0.9214015151515151
635,TTWO.csv,Extra Trees Classifier,0.8988439306358381,0.953757225433526,0.904109589041096,0.9609713203463204
636,TWTR.csv,Suuport Vector Machine,0.7687861271676301,0.782608695652174,0.7590361445783133,0.8871177944862155
637,TWTR.csv,Extra Trees Classifier,0.8670520231213873,0.8654970760233918,0.8654970760233918,0.955906432748538
638,TXN.csv,Suuport Vector Machine,0.8208092485549133,0.8217821782178217,0.8426395939086294,0.9069940476190477
639,TXN.csv,Extra Trees Classifier,0.8901734104046243,0.8928571428571429,0.9020618556701031,0.9652834145021645
640,TXT.csv,Suuport Vector Machine,0.7890173410404624,0.7914438502673797,0.8021680216802168,0.8856539801661754
641,TXT.csv,Extra Trees Classifier,0.8641618497109826,0.8813559322033898,0.8690807799442896,0.9444686411149826
642,UA.csv,Suuport Vector Machine,0.730593607305936,0.7468354430379747,0.6666666666666667,0.8332349468713105
643,UA.csv,Extra Trees Classifier,0.817351598173516,0.8295454545454546,0.7849462365591399,0.9083319278124472
644,UAA.csv,Suuport Vector Machine,0.7369942196531792,0.7407407407407407,0.7250755287009064,0.8408050011700597
645,UAA.csv,Extra Trees Classifier,0.8988439306358381,0.8941176470588236,0.8967551622418879,0.9435864005616287
646,UAL.csv,Suuport Vector Machine,0.8554913294797688,0.8457446808510638,0.8641304347826086,0.9356091030789826
647,UAL.csv,Extra Trees Classifier,0.8901734104046243,0.8776595744680851,0.8967391304347826,0.9534303882195448
648,UDR.csv,Suuport Vector Machine,0.8265895953757225,0.7644230769230769,0.8412698412698413,0.950735294117647
649,UDR.csv,Extra Trees Classifier,0.861271676300578,0.824468085106383,0.8659217877094971,0.955614973262032
650,UHS.csv,Suuport Vector Machine,0.8526011560693642,0.8555555555555555,0.8579387186629526,0.9414913190379018
651,UHS.csv,Extra Trees Classifier,0.9104046242774566,0.9204545454545454,0.9126760563380282,0.9676680159234603
652,ULTA.csv,Suuport Vector Machine,0.7774566473988439,0.7616580310880829,0.7924528301886792,0.87481607811664
653,ULTA.csv,Extra Trees Classifier,0.8526011560693642,0.8432432432432433,0.859504132231405,0.9440710272873194
654,UNH.csv,Suuport Vector Machine,0.869942196531792,0.8489583333333334,0.8787061994609164,0.9496872177432845
655,UNH.csv,Extra Trees Classifier,0.9132947976878613,0.9162011173184358,0.9162011173184358,0.9674003947412437
656,UNM.csv,Suuport Vector Machine,0.7572254335260116,0.7395833333333334,0.7717391304347826,0.8612132352941176
657,UNM.csv,Extra Trees Classifier,0.8526011560693642,0.8491620111731844,0.8563380281690139,0.9387700534759358
658,UNP.csv,Suuport Vector Machine,0.8670520231213873,0.9290322580645162,0.8622754491017964,0.9483156591844244
659,UNP.csv,Extra Trees Classifier,0.8815028901734104,0.9367088607594937,0.8783382789317508,0.9472451744555582
660,UPS.csv,Suuport Vector Machine,0.8554913294797688,0.84375,0.8663101604278075,0.9418721522380059
661,UPS.csv,Extra Trees Classifier,0.9277456647398844,0.9385474860335196,0.9307479224376731,0.9805682122755293
662,URI.csv,Suuport Vector Machine,0.8063583815028902,0.7703349282296651,0.8277634961439588,0.9078313253012047
663,URI.csv,Extra Trees Classifier,0.8583815028901735,0.8659217877094972,0.8635097493036211,0.9353748326639894
664,USB.csv,Suuport Vector Machine,0.861271676300578,0.8238341968911918,0.8688524590163936,0.9536904006147884
665,USB.csv,Extra Trees Classifier,0.869942196531792,0.8440860215053764,0.8746518105849582,0.9514517691870761
666,UTX.csv,Suuport Vector Machine,0.8294797687861272,0.8324324324324325,0.8392370572207085,0.9250201018493701
667,UTX.csv,Extra Trees Classifier,0.8786127167630058,0.9069767441860465,0.8813559322033897,0.94622755293487
668,V.csv,Suuport Vector Machine,0.8005780346820809,0.7583333333333333,0.8406466512702078,0.9041281452131802
669,V.csv,Extra Trees Classifier,0.9104046242774566,0.8970588235294118,0.9219143576826195,0.9606827186833282
670,VAR.csv,Suuport Vector Machine,0.7803468208092486,0.8201058201058201,0.8031088082901555,0.8825673696044697
671,VAR.csv,Extra Trees Classifier,0.8641618497109826,0.907608695652174,0.8766404199475065,0.9366674615882532
672,VFC.csv,Suuport Vector Machine,0.8265895953757225,0.8112244897959183,0.8412698412698413,0.9383208255159474
673,VFC.csv,Extra Trees Classifier,0.8959537572254336,0.8882978723404256,0.9027027027027027,0.9581714017689626
674,VIAB.csv,Suuport Vector Machine,0.7890173410404624,0.8561643835616438,0.7739938080495357,0.8947949052251529
675,VIAB.csv,Extra Trees Classifier,0.8728323699421965,0.9130434782608695,0.8698224852071005,0.9515093771938621
676,VLO.csv,Suuport Vector Machine,0.8236994219653179,0.806930693069307,0.8423772609819121,0.9207990599294947
677,VLO.csv,Extra Trees Classifier,0.8728323699421965,0.8691099476439791,0.8829787234042554,0.9425885512842035
678,VMC.csv,Suuport Vector Machine,0.8641618497109826,0.8622754491017964,0.8597014925373134,0.9604735152487962
679,VMC.csv,Extra Trees Classifier,0.9219653179190751,0.9272727272727272,0.918918918918919,0.9719937132156234
680,VNO.csv,Suuport Vector Machine,0.7630057803468208,0.7470588235294118,0.7559523809523809,0.8481425702811245
681,VNO.csv,Extra Trees Classifier,0.861271676300578,0.8352272727272727,0.8596491228070176,0.9484270414993307
682,VRSK.csv,Suuport Vector Machine,0.7658959537572254,0.7276785714285714,0.800982800982801,0.8844748399208824
683,VRSK.csv,Extra Trees Classifier,0.8757225433526011,0.8645833333333334,0.8853333333333333,0.9458748198062289
684,VRSN.csv,Suuport Vector Machine,0.8265895953757225,0.8317307692307693,0.8522167487684729,0.9162742287742287
685,VRSN.csv,Extra Trees Classifier,0.861271676300578,0.8826530612244898,0.8781725888324874,0.9452805077805078
686,VRTX.csv,Suuport Vector Machine,0.8005780346820809,0.8011363636363636,0.8034188034188033,0.905530492898914
687,VRTX.csv,Extra Trees Classifier,0.8670520231213873,0.864406779661017,0.8693181818181818,0.9369924812030075
688,VTR.csv,Suuport Vector Machine,0.7456647398843931,0.7027027027027027,0.78,0.8820893525949707
689,VTR.csv,Extra Trees Classifier,0.8872832369942196,0.8564102564102564,0.8954423592493297,0.9591526217228463
690,VZ.csv,Suuport Vector Machine,0.8554913294797688,0.8305084745762712,0.8546511627906977,0.939032549426287
691,VZ.csv,Extra Trees Classifier,0.8901734104046243,0.8816568047337278,0.8869047619047618,0.9582176429264375
692,WAT.csv,Suuport Vector Machine,0.7225433526011561,0.6636771300448431,0.7551020408163266,0.8567846755591215
693,WAT.csv,Extra Trees Classifier,0.846820809248555,0.8118279569892473,0.8507042253521125,0.9353458362584829
694,WBA.csv,Suuport Vector Machine,0.8208092485549133,0.776536312849162,0.8176470588235294,0.9178781265737788
695,WBA.csv,Extra Trees Classifier,0.8988439306358381,0.8705882352941177,0.8942598187311178,0.9677690112472721
696,WCG.csv,Suuport Vector Machine,0.8179190751445087,0.8351648351648352,0.8283378746594006,0.9130434782608696
697,WCG.csv,Extra Trees Classifier,0.8554913294797688,0.8994082840236687,0.8587570621468927,0.9554809467852946
698,WDC.csv,Suuport Vector Machine,0.7716763005780347,0.7624309392265194,0.7774647887323944,0.8745990376904571
699,WDC.csv,Extra Trees Classifier,0.8872832369942196,0.9041916167664671,0.8856304985337242,0.9444834268912056
700,WEC.csv,Suuport Vector Machine,0.869942196531792,0.8418367346938775,0.88,0.9555414311042718
701,WEC.csv,Extra Trees Classifier,0.8930635838150289,0.8858695652173914,0.8980716253443527,0.9568962633392433
702,WELL.csv,Suuport Vector Machine,0.8208092485549133,0.7960199004975125,0.8376963350785341,0.9209107651096601
703,WELL.csv,Extra Trees Classifier,0.8872832369942196,0.8776595744680851,0.8943089430894309,0.9538088062949941
704,WFC.csv,Suuport Vector Machine,0.8236994219653179,0.7717391304347826,0.8231884057971014,0.9287560852778244
705,WFC.csv,Extra Trees Classifier,0.8872832369942196,0.8674698795180723,0.8807339449541285,0.9619103575625315
706,WHR.csv,Suuport Vector Machine,0.8265895953757225,0.8068181818181818,0.8255813953488372,0.8993111289459605
707,WHR.csv,Extra Trees Classifier,0.8526011560693642,0.8461538461538461,0.8486646884272997,0.9458099250936332
708,WLTW.csv,Suuport Vector Machine,0.673469387755102,0.6235294117647059,0.726027397260274,0.834766093562575
709,WLTW.csv,Extra Trees Classifier,0.8285714285714286,0.8076923076923077,0.8333333333333334,0.9307277089164334
710,WM.csv,Suuport Vector Machine,0.7861271676300579,0.7577092511013216,0.8229665071770335,0.8920452626245566
711,WM.csv,Extra Trees Classifier,0.8641618497109826,0.8673469387755102,0.8785529715762275,0.9367505488937679
712,WMB.csv,Suuport Vector Machine,0.7341040462427746,0.7307692307692307,0.7125,0.8273586169927634
713,WMB.csv,Extra Trees Classifier,0.869942196531792,0.8520710059171598,0.8648648648648648,0.9280856338783168
714,WMT.csv,Suuport Vector Machine,0.7716763005780347,0.8058823529411765,0.7762039660056659,0.869690569579939
715,WMT.csv,Extra Trees Classifier,0.8786127167630058,0.8895027624309392,0.8846153846153846,0.9357672064098695
716,WRK.csv,Suuport Vector Machine,0.8288590604026845,0.7932960893854749,0.8477611940298508,0.8939147706753341
717,WRK.csv,Extra Trees Classifier,0.8456375838926175,0.8235294117647058,0.8588957055214724,0.935513723365836
718,WU.csv,Suuport Vector Machine,0.8236994219653179,0.8171428571428572,0.824207492795389,0.9299318364073776
719,WU.csv,Extra Trees Classifier,0.8670520231213873,0.875,0.8647058823529411,0.9366813686180165
720,WY.csv,Suuport Vector Machine,0.8583815028901735,0.8571428571428571,0.8595988538681948,0.9501804330392943
721,WY.csv,Extra Trees Classifier,0.8930635838150289,0.8784530386740331,0.895774647887324,0.9647487302860198
722,WYNN.csv,Suuport Vector Machine,0.7398843930635838,0.7337662337662337,0.7151898734177216,0.8626543209876543
723,WYNN.csv,Extra Trees Classifier,0.861271676300578,0.85625,0.8509316770186335,0.9488056897477186
724,XEC.csv,Suuport Vector Machine,0.8034682080924855,0.8289473684210527,0.7875,0.9175026752273943
725,XEC.csv,Extra Trees Classifier,0.8728323699421965,0.9246575342465754,0.8598726114649682,0.9469970572498663
726,XEL.csv,Suuport Vector Machine,0.861271676300578,0.821256038647343,0.8762886597938143,0.9593504101791395
727,XEL.csv,Extra Trees Classifier,0.8959537572254336,0.8536585365853658,0.9067357512953368,0.9635526536079022
728,XLNX.csv,Suuport Vector Machine,0.7138728323699421,0.7281553398058253,0.7518796992481204,0.837414067526838
729,XLNX.csv,Extra Trees Classifier,0.8757225433526011,0.8865979381443299,0.8888888888888887,0.9495580615665955
730,XOM.csv,Suuport Vector Machine,0.861271676300578,0.8626373626373627,0.8674033149171271,0.9301874163319946
731,XOM.csv,Extra Trees Classifier,0.8757225433526011,0.88268156424581,0.8802228412256267,0.9537985274431058
732,XRAY.csv,Suuport Vector Machine,0.7861271676300579,0.776595744680851,0.7978142076502731,0.8820224719101123
733,XRAY.csv,Extra Trees Classifier,0.9017341040462428,0.8956043956043956,0.9055555555555556,0.9623294542536116
734,XRX.csv,Suuport Vector Machine,0.7427745664739884,0.7371428571428571,0.7435158501440922,0.8274859663191659
735,XRX.csv,Extra Trees Classifier,0.884393063583815,0.9125,0.8795180722891567,0.9305499866345897
736,XYL.csv,Suuport Vector Machine,0.8323699421965318,0.7910447761194029,0.8457446808510638,0.9207685881370092
737,XYL.csv,Extra Trees Classifier,0.8815028901734104,0.8722222222222222,0.8845070422535211,0.943609022556391
738,YUM.csv,Suuport Vector Machine,0.7369942196531792,0.7563451776649747,0.7660668380462725,0.8339759199134199
739,YUM.csv,Extra Trees Classifier,0.9017341040462428,0.9114583333333334,0.9114583333333333,0.9619859307359307
740,ZBH.csv,Suuport Vector Machine,0.7658959537572254,0.7222222222222222,0.779291553133515,0.8671480627152074
741,ZBH.csv,Extra Trees Classifier,0.8757225433526011,0.8351063829787234,0.8795518207282913,0.9477986159863605
742,ZION.csv,Suuport Vector Machine,0.8728323699421965,0.8571428571428571,0.8842105263157894,0.9547436929683306
743,ZION.csv,Extra Trees Classifier,0.930635838150289,0.9347826086956522,0.9347826086956522,0.9774389425657541
744,ZTS.csv,Suuport Vector Machine,0.7745664739884393,0.7110091743119266,0.7989690721649485,0.9029411764705882
745,ZTS.csv,Extra Trees Classifier,0.8872832369942196,0.8579234972677595,0.8895184135977336,0.9645220588235295
